source_url,target_url,relation
/goi-cuoc-fpt/,/bang-gia-fpt/,same_cluster
/goi-cuoc-fpt/,/goi-cuoc/f-game/,same_cluster
/goi-cuoc-fpt/,/goi-cuoc/combo-giga/,same_cluster
/goi-cuoc-fpt/,/goi-cuoc/combo-sky/,same_cluster
/goi-cuoc-fpt/,/combo-fpt/,cross_cluster
/goi-cuoc-fpt/,/internet-truyen-hinh-fpt/,cross_cluster
/bang-gia-fpt/,/goi-cuoc-fpt/,same_cluster
/bang-gia-fpt/,/goi-cuoc/f-game/,same_cluster
/bang-gia-fpt/,/goi-cuoc/combo-giga/,same_cluster
/bang-gia-fpt/,/goi-cuoc/combo-sky/,same_cluster
/bang-gia-fpt/,/combo-fpt/,cross_cluster
/bang-gia-fpt/,/internet-truyen-hinh-fpt/,cross_cluster
/combo-fpt/,/internet-truyen-hinh-fpt/,same_cluster
/combo-fpt/,/goi-cuoc-fpt/,cross_cluster
/combo-fpt/,/bang-gia-fpt/,cross_cluster
/combo-fpt/,/f-game-fpt/,cross_cluster
/combo-fpt/,/mesh-wifi-fpt/,cross_cluster
/internet-truyen-hinh-fpt/,/combo-fpt/,same_cluster
/internet-truyen-hinh-fpt/,/goi-cuoc-fpt/,cross_cluster
/internet-truyen-hinh-fpt/,/bang-gia-fpt/,cross_cluster
/internet-truyen-hinh-fpt/,/f-game-fpt/,cross_cluster
/internet-truyen-hinh-fpt/,/mesh-wifi-fpt/,cross_cluster
/f-game-fpt/,/goi-cuoc-fpt/,cross_cluster
/f-game-fpt/,/bang-gia-fpt/,cross_cluster
/f-game-fpt/,/combo-fpt/,cross_cluster
/f-game-fpt/,/internet-truyen-hinh-fpt/,cross_cluster
/mesh-wifi-fpt/,/wifi-6-fpt/,same_cluster
/mesh-wifi-fpt/,/goi-cuoc-fpt/,cross_cluster
/mesh-wifi-fpt/,/bang-gia-fpt/,cross_cluster
/mesh-wifi-fpt/,/combo-fpt/,cross_cluster
/mesh-wifi-fpt/,/internet-truyen-hinh-fpt/,cross_cluster
/wifi-6-fpt/,/mesh-wifi-fpt/,same_cluster
/wifi-6-fpt/,/goi-cuoc-fpt/,cross_cluster
/wifi-6-fpt/,/bang-gia-fpt/,cross_cluster
/wifi-6-fpt/,/combo-fpt/,cross_cluster
/wifi-6-fpt/,/internet-truyen-hinh-fpt/,cross_cluster
/xgs-pon-fpt/,/speedx-fpt/,same_cluster
/xgs-pon-fpt/,/goi-cuoc-fpt/,cross_cluster
/xgs-pon-fpt/,/bang-gia-fpt/,cross_cluster
/xgs-pon-fpt/,/combo-fpt/,cross_cluster
/xgs-pon-fpt/,/internet-truyen-hinh-fpt/,cross_cluster
/speedx-fpt/,/xgs-pon-fpt/,same_cluster
/speedx-fpt/,/goi-cuoc-fpt/,cross_cluster
/speedx-fpt/,/bang-gia-fpt/,cross_cluster
/speedx-fpt/,/combo-fpt/,cross_cluster
/speedx-fpt/,/internet-truyen-hinh-fpt/,cross_cluster
/goi-cuoc/f-game/,/goi-cuoc-fpt/,same_cluster
/goi-cuoc/f-game/,/bang-gia-fpt/,same_cluster
/goi-cuoc/f-game/,/goi-cuoc/combo-giga/,same_cluster
/goi-cuoc/f-game/,/goi-cuoc/combo-sky/,same_cluster
/goi-cuoc/f-game/,/combo-fpt/,cross_cluster
/goi-cuoc/f-game/,/internet-truyen-hinh-fpt/,cross_cluster
/goi-cuoc/combo-giga/,/goi-cuoc-fpt/,same_cluster
/goi-cuoc/combo-giga/,/bang-gia-fpt/,same_cluster
/goi-cuoc/combo-giga/,/goi-cuoc/f-game/,same_cluster
/goi-cuoc/combo-giga/,/goi-cuoc/combo-sky/,same_cluster
/goi-cuoc/combo-giga/,/combo-fpt/,cross_cluster
/goi-cuoc/combo-giga/,/internet-truyen-hinh-fpt/,cross_cluster
/goi-cuoc/combo-sky/,/goi-cuoc-fpt/,same_cluster
/goi-cuoc/combo-sky/,/bang-gia-fpt/,same_cluster
/goi-cuoc/combo-sky/,/goi-cuoc/f-game/,same_cluster
/goi-cuoc/combo-sky/,/goi-cuoc/combo-giga/,same_cluster
/goi-cuoc/combo-sky/,/combo-fpt/,cross_cluster
/goi-cuoc/combo-sky/,/internet-truyen-hinh-fpt/,cross_cluster
/goi-cuoc/combo-meta/,/goi-cuoc-fpt/,same_cluster
/goi-cuoc/combo-meta/,/bang-gia-fpt/,same_cluster
/goi-cuoc/combo-meta/,/goi-cuoc/f-game/,same_cluster
/goi-cuoc/combo-meta/,/goi-cuoc/combo-giga/,same_cluster
/goi-cuoc/combo-meta/,/combo-fpt/,cross_cluster
/goi-cuoc/combo-meta/,/internet-truyen-hinh-fpt/,cross_cluster
/goi-cuoc/combo-f-game/,/goi-cuoc-fpt/,same_cluster
/goi-cuoc/combo-f-game/,/bang-gia-fpt/,same_cluster
/goi-cuoc/combo-f-game/,/goi-cuoc/f-game/,same_cluster
/goi-cuoc/combo-f-game/,/goi-cuoc/combo-giga/,same_cluster
/goi-cuoc/combo-f-game/,/combo-fpt/,cross_cluster
/goi-cuoc/combo-f-game/,/internet-truyen-hinh-fpt/,cross_cluster
/goi-cuoc/speedx2/,/goi-cuoc-fpt/,same_cluster
/goi-cuoc/speedx2/,/bang-gia-fpt/,same_cluster
/goi-cuoc/speedx2/,/goi-cuoc/f-game/,same_cluster
/goi-cuoc/speedx2/,/goi-cuoc/combo-giga/,same_cluster
/goi-cuoc/speedx2/,/combo-fpt/,cross_cluster
/goi-cuoc/speedx2/,/internet-truyen-hinh-fpt/,cross_cluster
/goi-cuoc/speedx2-pro/,/goi-cuoc-fpt/,same_cluster
/goi-cuoc/speedx2-pro/,/bang-gia-fpt/,same_cluster
/goi-cuoc/speedx2-pro/,/goi-cuoc/f-game/,same_cluster
/goi-cuoc/speedx2-pro/,/goi-cuoc/combo-giga/,same_cluster
/goi-cuoc/speedx2-pro/,/combo-fpt/,cross_cluster
/goi-cuoc/speedx2-pro/,/internet-truyen-hinh-fpt/,cross_cluster
/goi-cuoc/speedx10/,/goi-cuoc-fpt/,same_cluster
/goi-cuoc/speedx10/,/bang-gia-fpt/,same_cluster
/goi-cuoc/speedx10/,/goi-cuoc/f-game/,same_cluster
/goi-cuoc/speedx10/,/goi-cuoc/combo-giga/,same_cluster
/goi-cuoc/speedx10/,/combo-fpt/,cross_cluster
/goi-cuoc/speedx10/,/internet-truyen-hinh-fpt/,cross_cluster
/goi-cuoc/speedx10-pro/,/goi-cuoc-fpt/,same_cluster
/goi-cuoc/speedx10-pro/,/bang-gia-fpt/,same_cluster
/goi-cuoc/speedx10-pro/,/goi-cuoc/f-game/,same_cluster
/goi-cuoc/speedx10-pro/,/goi-cuoc/combo-giga/,same_cluster
/goi-cuoc/speedx10-pro/,/combo-fpt/,cross_cluster
/goi-cuoc/speedx10-pro/,/internet-truyen-hinh-fpt/,cross_cluster
/camera-fpt/play-3/,/camera-fpt/play-4/,same_cluster
/camera-fpt/play-3/,/goi-cuoc-fpt/,cross_cluster
/camera-fpt/play-3/,/bang-gia-fpt/,cross_cluster
/camera-fpt/play-3/,/combo-fpt/,cross_cluster
/camera-fpt/play-3/,/internet-truyen-hinh-fpt/,cross_cluster
/camera-fpt/play-4/,/camera-fpt/play-3/,same_cluster
/camera-fpt/play-4/,/goi-cuoc-fpt/,cross_cluster
/camera-fpt/play-4/,/bang-gia-fpt/,cross_cluster
/camera-fpt/play-4/,/combo-fpt/,cross_cluster
/camera-fpt/play-4/,/internet-truyen-hinh-fpt/,cross_cluster
/giai-phap/gia-dinh/,/goi-cuoc-fpt/,cross_cluster
/giai-phap/gia-dinh/,/bang-gia-fpt/,cross_cluster
/giai-phap/gia-dinh/,/combo-fpt/,cross_cluster
/giai-phap/gia-dinh/,/internet-truyen-hinh-fpt/,cross_cluster
/giai-phap/nha-nhieu-tang/,/goi-cuoc-fpt/,cross_cluster
/giai-phap/nha-nhieu-tang/,/bang-gia-fpt/,cross_cluster
/giai-phap/nha-nhieu-tang/,/combo-fpt/,cross_cluster
/giai-phap/nha-nhieu-tang/,/internet-truyen-hinh-fpt/,cross_cluster
/giai-phap/chung-cu/,/goi-cuoc-fpt/,cross_cluster
/giai-phap/chung-cu/,/bang-gia-fpt/,cross_cluster
/giai-phap/chung-cu/,/combo-fpt/,cross_cluster
/giai-phap/chung-cu/,/internet-truyen-hinh-fpt/,cross_cluster
/giai-phap/game-thu/,/goi-cuoc-fpt/,cross_cluster
/giai-phap/game-thu/,/bang-gia-fpt/,cross_cluster
/giai-phap/game-thu/,/combo-fpt/,cross_cluster
/giai-phap/game-thu/,/internet-truyen-hinh-fpt/,cross_cluster
/giai-phap/livestream/,/goi-cuoc-fpt/,cross_cluster
/giai-phap/livestream/,/bang-gia-fpt/,cross_cluster
/giai-phap/livestream/,/combo-fpt/,cross_cluster
/giai-phap/livestream/,/internet-truyen-hinh-fpt/,cross_cluster
/giai-phap/camera/,/goi-cuoc-fpt/,cross_cluster
/giai-phap/camera/,/bang-gia-fpt/,cross_cluster
/giai-phap/camera/,/combo-fpt/,cross_cluster
/giai-phap/camera/,/internet-truyen-hinh-fpt/,cross_cluster
/giai-phap/smart-home/,/goi-cuoc-fpt/,cross_cluster
/giai-phap/smart-home/,/bang-gia-fpt/,cross_cluster
/giai-phap/smart-home/,/combo-fpt/,cross_cluster
/giai-phap/smart-home/,/internet-truyen-hinh-fpt/,cross_cluster
/giai-phap/van-phong/,/goi-cuoc-fpt/,cross_cluster
/giai-phap/van-phong/,/bang-gia-fpt/,cross_cluster
/giai-phap/van-phong/,/combo-fpt/,cross_cluster
/giai-phap/van-phong/,/internet-truyen-hinh-fpt/,cross_cluster
/giai-phap/doanh-nghiep-nho/,/goi-cuoc-fpt/,cross_cluster
/giai-phap/doanh-nghiep-nho/,/bang-gia-fpt/,cross_cluster
/giai-phap/doanh-nghiep-nho/,/combo-fpt/,cross_cluster
/giai-phap/doanh-nghiep-nho/,/internet-truyen-hinh-fpt/,cross_cluster
/giai-phap/quan-cafe/,/goi-cuoc-fpt/,cross_cluster
/giai-phap/quan-cafe/,/bang-gia-fpt/,cross_cluster
/giai-phap/quan-cafe/,/combo-fpt/,cross_cluster
/giai-phap/quan-cafe/,/internet-truyen-hinh-fpt/,cross_cluster
/giai-phap/homestay/,/goi-cuoc-fpt/,cross_cluster
/giai-phap/homestay/,/bang-gia-fpt/,cross_cluster
/giai-phap/homestay/,/combo-fpt/,cross_cluster
/giai-phap/homestay/,/internet-truyen-hinh-fpt/,cross_cluster
/giai-phap/cua-hang/,/goi-cuoc-fpt/,cross_cluster
/giai-phap/cua-hang/,/bang-gia-fpt/,cross_cluster
/giai-phap/cua-hang/,/combo-fpt/,cross_cluster
/giai-phap/cua-hang/,/internet-truyen-hinh-fpt/,cross_cluster
/so-sanh/fpt-vs-viettel/,/so-sanh/fpt-vs-vnpt/,same_cluster
/so-sanh/fpt-vs-viettel/,/so-sanh/wifi-6-vs-wifi-7/,same_cluster
/so-sanh/fpt-vs-viettel/,/so-sanh/giga-vs-sky/,same_cluster
/so-sanh/fpt-vs-viettel/,/so-sanh/sky-vs-meta/,same_cluster
/so-sanh/fpt-vs-viettel/,/goi-cuoc-fpt/,cross_cluster
/so-sanh/fpt-vs-viettel/,/bang-gia-fpt/,cross_cluster
/so-sanh/fpt-vs-vnpt/,/so-sanh/fpt-vs-viettel/,same_cluster
/so-sanh/fpt-vs-vnpt/,/so-sanh/wifi-6-vs-wifi-7/,same_cluster
/so-sanh/fpt-vs-vnpt/,/so-sanh/giga-vs-sky/,same_cluster
/so-sanh/fpt-vs-vnpt/,/so-sanh/sky-vs-meta/,same_cluster
/so-sanh/fpt-vs-vnpt/,/goi-cuoc-fpt/,cross_cluster
/so-sanh/fpt-vs-vnpt/,/bang-gia-fpt/,cross_cluster
/so-sanh/wifi-6-vs-wifi-7/,/so-sanh/fpt-vs-viettel/,same_cluster
/so-sanh/wifi-6-vs-wifi-7/,/so-sanh/fpt-vs-vnpt/,same_cluster
/so-sanh/wifi-6-vs-wifi-7/,/so-sanh/giga-vs-sky/,same_cluster
/so-sanh/wifi-6-vs-wifi-7/,/so-sanh/sky-vs-meta/,same_cluster
/so-sanh/wifi-6-vs-wifi-7/,/goi-cuoc-fpt/,cross_cluster
/so-sanh/wifi-6-vs-wifi-7/,/bang-gia-fpt/,cross_cluster
/so-sanh/giga-vs-sky/,/so-sanh/fpt-vs-viettel/,same_cluster
/so-sanh/giga-vs-sky/,/so-sanh/fpt-vs-vnpt/,same_cluster
/so-sanh/giga-vs-sky/,/so-sanh/wifi-6-vs-wifi-7/,same_cluster
/so-sanh/giga-vs-sky/,/so-sanh/sky-vs-meta/,same_cluster
/so-sanh/giga-vs-sky/,/goi-cuoc-fpt/,cross_cluster
/so-sanh/giga-vs-sky/,/bang-gia-fpt/,cross_cluster
/so-sanh/sky-vs-meta/,/so-sanh/fpt-vs-viettel/,same_cluster
/so-sanh/sky-vs-meta/,/so-sanh/fpt-vs-vnpt/,same_cluster
/so-sanh/sky-vs-meta/,/so-sanh/wifi-6-vs-wifi-7/,same_cluster
/so-sanh/sky-vs-meta/,/so-sanh/giga-vs-sky/,same_cluster
/so-sanh/sky-vs-meta/,/goi-cuoc-fpt/,cross_cluster
/so-sanh/sky-vs-meta/,/bang-gia-fpt/,cross_cluster
/so-sanh/f-game-vs-meta/,/so-sanh/fpt-vs-viettel/,same_cluster
/so-sanh/f-game-vs-meta/,/so-sanh/fpt-vs-vnpt/,same_cluster
/so-sanh/f-game-vs-meta/,/so-sanh/wifi-6-vs-wifi-7/,same_cluster
/so-sanh/f-game-vs-meta/,/so-sanh/giga-vs-sky/,same_cluster
/so-sanh/f-game-vs-meta/,/goi-cuoc-fpt/,cross_cluster
/so-sanh/f-game-vs-meta/,/bang-gia-fpt/,cross_cluster
/ho-tro/lap-mang-fpt-mat-bao-lau/,/ho-tro/phi-lap-dat-fpt/,same_cluster
/ho-tro/lap-mang-fpt-mat-bao-lau/,/ho-tro/doi-mat-khau-wifi-fpt/,same_cluster
/ho-tro/lap-mang-fpt-mat-bao-lau/,/ho-tro/wifi-fpt-yeu/,same_cluster
/ho-tro/lap-mang-fpt-mat-bao-lau/,/ho-tro/mang-fpt-cham/,same_cluster
/ho-tro/lap-mang-fpt-mat-bao-lau/,/goi-cuoc-fpt/,cross_cluster
/ho-tro/lap-mang-fpt-mat-bao-lau/,/bang-gia-fpt/,cross_cluster
/ho-tro/phi-lap-dat-fpt/,/ho-tro/lap-mang-fpt-mat-bao-lau/,same_cluster
/ho-tro/phi-lap-dat-fpt/,/ho-tro/doi-mat-khau-wifi-fpt/,same_cluster
/ho-tro/phi-lap-dat-fpt/,/ho-tro/wifi-fpt-yeu/,same_cluster
/ho-tro/phi-lap-dat-fpt/,/ho-tro/mang-fpt-cham/,same_cluster
/ho-tro/phi-lap-dat-fpt/,/goi-cuoc-fpt/,cross_cluster
/ho-tro/phi-lap-dat-fpt/,/bang-gia-fpt/,cross_cluster
/ho-tro/doi-mat-khau-wifi-fpt/,/ho-tro/lap-mang-fpt-mat-bao-lau/,same_cluster
/ho-tro/doi-mat-khau-wifi-fpt/,/ho-tro/phi-lap-dat-fpt/,same_cluster
/ho-tro/doi-mat-khau-wifi-fpt/,/ho-tro/wifi-fpt-yeu/,same_cluster
/ho-tro/doi-mat-khau-wifi-fpt/,/ho-tro/mang-fpt-cham/,same_cluster
/ho-tro/doi-mat-khau-wifi-fpt/,/goi-cuoc-fpt/,cross_cluster
/ho-tro/doi-mat-khau-wifi-fpt/,/bang-gia-fpt/,cross_cluster
/ho-tro/wifi-fpt-yeu/,/ho-tro/lap-mang-fpt-mat-bao-lau/,same_cluster
/ho-tro/wifi-fpt-yeu/,/ho-tro/phi-lap-dat-fpt/,same_cluster
/ho-tro/wifi-fpt-yeu/,/ho-tro/doi-mat-khau-wifi-fpt/,same_cluster
/ho-tro/wifi-fpt-yeu/,/ho-tro/mang-fpt-cham/,same_cluster
/ho-tro/wifi-fpt-yeu/,/goi-cuoc-fpt/,cross_cluster
/ho-tro/wifi-fpt-yeu/,/bang-gia-fpt/,cross_cluster
/ho-tro/mang-fpt-cham/,/ho-tro/lap-mang-fpt-mat-bao-lau/,same_cluster
/ho-tro/mang-fpt-cham/,/ho-tro/phi-lap-dat-fpt/,same_cluster
/ho-tro/mang-fpt-cham/,/ho-tro/doi-mat-khau-wifi-fpt/,same_cluster
/ho-tro/mang-fpt-cham/,/ho-tro/wifi-fpt-yeu/,same_cluster
/ho-tro/mang-fpt-cham/,/goi-cuoc-fpt/,cross_cluster
/ho-tro/mang-fpt-cham/,/bang-gia-fpt/,cross_cluster
/ho-tro/mat-mang-fpt/,/ho-tro/lap-mang-fpt-mat-bao-lau/,same_cluster
/ho-tro/mat-mang-fpt/,/ho-tro/phi-lap-dat-fpt/,same_cluster
/ho-tro/mat-mang-fpt/,/ho-tro/doi-mat-khau-wifi-fpt/,same_cluster
/ho-tro/mat-mang-fpt/,/ho-tro/wifi-fpt-yeu/,same_cluster
/ho-tro/mat-mang-fpt/,/goi-cuoc-fpt/,cross_cluster
/ho-tro/mat-mang-fpt/,/bang-gia-fpt/,cross_cluster
/ho-tro/chuyen-dia-diem-fpt/,/ho-tro/lap-mang-fpt-mat-bao-lau/,same_cluster
/ho-tro/chuyen-dia-diem-fpt/,/ho-tro/phi-lap-dat-fpt/,same_cluster
/ho-tro/chuyen-dia-diem-fpt/,/ho-tro/doi-mat-khau-wifi-fpt/,same_cluster
/ho-tro/chuyen-dia-diem-fpt/,/ho-tro/wifi-fpt-yeu/,same_cluster
/ho-tro/chuyen-dia-diem-fpt/,/goi-cuoc-fpt/,cross_cluster
/ho-tro/chuyen-dia-diem-fpt/,/bang-gia-fpt/,cross_cluster
/ho-tro/nang-cap-goi-fpt/,/ho-tro/lap-mang-fpt-mat-bao-lau/,same_cluster
/ho-tro/nang-cap-goi-fpt/,/ho-tro/phi-lap-dat-fpt/,same_cluster
/ho-tro/nang-cap-goi-fpt/,/ho-tro/doi-mat-khau-wifi-fpt/,same_cluster
/ho-tro/nang-cap-goi-fpt/,/ho-tro/wifi-fpt-yeu/,same_cluster
/ho-tro/nang-cap-goi-fpt/,/goi-cuoc-fpt/,cross_cluster
/ho-tro/nang-cap-goi-fpt/,/bang-gia-fpt/,cross_cluster
/ho-tro/huy-goi-fpt/,/ho-tro/lap-mang-fpt-mat-bao-lau/,same_cluster
/ho-tro/huy-goi-fpt/,/ho-tro/phi-lap-dat-fpt/,same_cluster
/ho-tro/huy-goi-fpt/,/ho-tro/doi-mat-khau-wifi-fpt/,same_cluster
/ho-tro/huy-goi-fpt/,/ho-tro/wifi-fpt-yeu/,same_cluster
/ho-tro/huy-goi-fpt/,/goi-cuoc-fpt/,cross_cluster
/ho-tro/huy-goi-fpt/,/bang-gia-fpt/,cross_cluster
/ho-tro/kiem-tra-toc-do-mang-fpt/,/ho-tro/lap-mang-fpt-mat-bao-lau/,same_cluster
/ho-tro/kiem-tra-toc-do-mang-fpt/,/ho-tro/phi-lap-dat-fpt/,same_cluster
/ho-tro/kiem-tra-toc-do-mang-fpt/,/ho-tro/doi-mat-khau-wifi-fpt/,same_cluster
/ho-tro/kiem-tra-toc-do-mang-fpt/,/ho-tro/wifi-fpt-yeu/,same_cluster
/ho-tro/kiem-tra-toc-do-mang-fpt/,/goi-cuoc-fpt/,cross_cluster
/ho-tro/kiem-tra-toc-do-mang-fpt/,/bang-gia-fpt/,cross_cluster
/kien-thuc/modem-wifi-6-fpt/,/ho-tro/lap-mang-fpt-mat-bao-lau/,same_cluster
/kien-thuc/modem-wifi-6-fpt/,/ho-tro/phi-lap-dat-fpt/,same_cluster
/kien-thuc/modem-wifi-6-fpt/,/ho-tro/doi-mat-khau-wifi-fpt/,same_cluster
/kien-thuc/modem-wifi-6-fpt/,/ho-tro/wifi-fpt-yeu/,same_cluster
/kien-thuc/modem-wifi-6-fpt/,/goi-cuoc-fpt/,cross_cluster
/kien-thuc/modem-wifi-6-fpt/,/bang-gia-fpt/,cross_cluster
/kien-thuc/mesh-wifi-la-gi/,/ho-tro/lap-mang-fpt-mat-bao-lau/,same_cluster
/kien-thuc/mesh-wifi-la-gi/,/ho-tro/phi-lap-dat-fpt/,same_cluster
/kien-thuc/mesh-wifi-la-gi/,/ho-tro/doi-mat-khau-wifi-fpt/,same_cluster
/kien-thuc/mesh-wifi-la-gi/,/ho-tro/wifi-fpt-yeu/,same_cluster
/kien-thuc/mesh-wifi-la-gi/,/goi-cuoc-fpt/,cross_cluster
/kien-thuc/mesh-wifi-la-gi/,/bang-gia-fpt/,cross_cluster
/kien-thuc/300mbps-du-khong/,/ho-tro/lap-mang-fpt-mat-bao-lau/,same_cluster
/kien-thuc/300mbps-du-khong/,/ho-tro/phi-lap-dat-fpt/,same_cluster
/kien-thuc/300mbps-du-khong/,/ho-tro/doi-mat-khau-wifi-fpt/,same_cluster
/kien-thuc/300mbps-du-khong/,/ho-tro/wifi-fpt-yeu/,same_cluster
/kien-thuc/300mbps-du-khong/,/goi-cuoc-fpt/,cross_cluster
/kien-thuc/300mbps-du-khong/,/bang-gia-fpt/,cross_cluster
/kien-thuc/1gbps-bao-nhieu-thiet-bi/,/ho-tro/lap-mang-fpt-mat-bao-lau/,same_cluster
/kien-thuc/1gbps-bao-nhieu-thiet-bi/,/ho-tro/phi-lap-dat-fpt/,same_cluster
/kien-thuc/1gbps-bao-nhieu-thiet-bi/,/ho-tro/doi-mat-khau-wifi-fpt/,same_cluster
/kien-thuc/1gbps-bao-nhieu-thiet-bi/,/ho-tro/wifi-fpt-yeu/,same_cluster
/kien-thuc/1gbps-bao-nhieu-thiet-bi/,/goi-cuoc-fpt/,cross_cluster
/kien-thuc/1gbps-bao-nhieu-thiet-bi/,/bang-gia-fpt/,cross_cluster
/kien-thuc/ftth-la-gi/,/ho-tro/lap-mang-fpt-mat-bao-lau/,same_cluster
/kien-thuc/ftth-la-gi/,/ho-tro/phi-lap-dat-fpt/,same_cluster
/kien-thuc/ftth-la-gi/,/ho-tro/doi-mat-khau-wifi-fpt/,same_cluster
/kien-thuc/ftth-la-gi/,/ho-tro/wifi-fpt-yeu/,same_cluster
/kien-thuc/ftth-la-gi/,/goi-cuoc-fpt/,cross_cluster
/kien-thuc/ftth-la-gi/,/bang-gia-fpt/,cross_cluster
/kien-thuc/xgs-pon-la-gi/,/ho-tro/lap-mang-fpt-mat-bao-lau/,same_cluster
/kien-thuc/xgs-pon-la-gi/,/ho-tro/phi-lap-dat-fpt/,same_cluster
/kien-thuc/xgs-pon-la-gi/,/ho-tro/doi-mat-khau-wifi-fpt/,same_cluster
/kien-thuc/xgs-pon-la-gi/,/ho-tro/wifi-fpt-yeu/,same_cluster
/kien-thuc/xgs-pon-la-gi/,/goi-cuoc-fpt/,cross_cluster
/kien-thuc/xgs-pon-la-gi/,/bang-gia-fpt/,cross_cluster
/giai-phap/,/goi-cuoc-fpt/,cross_cluster
/giai-phap/,/bang-gia-fpt/,cross_cluster
/giai-phap/,/combo-fpt/,cross_cluster
/giai-phap/,/internet-truyen-hinh-fpt/,cross_cluster
/so-sanh/,/so-sanh/fpt-vs-viettel/,same_cluster
/so-sanh/,/so-sanh/fpt-vs-vnpt/,same_cluster
/so-sanh/,/so-sanh/wifi-6-vs-wifi-7/,same_cluster
/so-sanh/,/so-sanh/giga-vs-sky/,same_cluster
/so-sanh/,/goi-cuoc-fpt/,cross_cluster
/so-sanh/,/bang-gia-fpt/,cross_cluster
/ho-tro/,/ho-tro/lap-mang-fpt-mat-bao-lau/,same_cluster
/ho-tro/,/ho-tro/phi-lap-dat-fpt/,same_cluster
/ho-tro/,/ho-tro/doi-mat-khau-wifi-fpt/,same_cluster
/ho-tro/,/ho-tro/wifi-fpt-yeu/,same_cluster
/ho-tro/,/goi-cuoc-fpt/,cross_cluster
/ho-tro/,/bang-gia-fpt/,cross_cluster
/kien-thuc/,/goi-cuoc-fpt/,cross_cluster
/kien-thuc/,/bang-gia-fpt/,cross_cluster
/kien-thuc/,/combo-fpt/,cross_cluster
/kien-thuc/,/internet-truyen-hinh-fpt/,cross_cluster
/khu-vuc/,/goi-cuoc-fpt/,cross_cluster
/khu-vuc/,/bang-gia-fpt/,cross_cluster
/khu-vuc/,/combo-fpt/,cross_cluster
/khu-vuc/,/internet-truyen-hinh-fpt/,cross_cluster
